{
  "train_loss": [
    1.617901223962025,
    1.5862898249779978,
    1.6018388271331787,
    1.6203541781312676,
    1.6254152264646304,
    1.601301367564868,
    1.6015130742903678,
    1.5931069774012412,
    1.5951208312024352,
    1.6066711833400111,
    1.5837523424497215,
    1.596478113564112
  ],
  "train_acc": [
    0.34864864864864864,
    0.3783783783783784,
    0.327027027027027,
    0.34054054054054056,
    0.2891891891891892,
    0.35135135135135137,
    0.3,
    0.34864864864864864,
    0.26216216216216215,
    0.37567567567567567,
    0.2972972972972973,
    0.3810810810810811
  ],
  "val_loss": [
    1.6023933112621307,
    1.5827007651329041,
    1.609687614440918,
    1.6044491529464722,
    1.5995890557765962,
    1.6025740087032319,
    1.5724590599536896,
    1.5784687161445619,
    1.5713718354701995,
    1.572805792093277,
    1.571756011247635,
    1.5727841913700105
  ],
  "val_acc": [
    0.4050632911392405,
    0.4050632911392405,
    0.24050632911392406,
    0.21518987341772153,
    0.4050632911392405,
    0.4050632911392405,
    0.4050632911392405,
    0.22784810126582278,
    0.4050632911392405,
    0.4050632911392405,
    0.4050632911392405,
    0.4050632911392405
  ],
  "val_f1": [
    0.23355000570190443,
    0.23355000570190443,
    0.19668264975149585,
    0.07621308016877638,
    0.23355000570190443,
    0.23355000570190443,
    0.23355000570190443,
    0.08456218191308887,
    0.23355000570190443,
    0.23355000570190443,
    0.23355000570190443,
    0.23355000570190443
  ]
}