compound,n_sequences,empirical_coverage,calibrated_coverage,mean_pred_sigma,empirical_sigma,calibrated_sigma
C1,1117,0.137869,0.793196,0.111973,0.847191,
C2,3118,0.232521,0.840282,0.156835,0.744842,0.124400
C3,7103,0.208222,0.856399,0.146564,1.071248,
C4,6767,0.199350,0.881484,0.167745,1.253692,0.150400
C5,2137,0.227890,0.916238,0.218005,1.607859,0.154900
GLOBAL,20242,0.207193,0.882324,0.160860,1.175687,
